{
  "face": {
    "accuracy": 1.0,
    "f1_score": 1.0,
    "loss": 0.33328585934222993
  },
  "voice": {
    "accuracy": 1.0,
    "f1_score": 1.0
  },
  "product": {
    "accuracy": 0.6136363636363636,
    "f1_score": 0.6176767676767677,
    "log_loss": 1.0762634546577974
  }
}